100,104
1366,1401
1439,1443
1451,1484
1489,1502
1682,1684
2180,2201
2298,2307
2335,2338
2382,2385
2439,2519
2535,2543
2570,2578
2591,2601
2617,2635
2731,2826
2889,2892
2938,2949
2989,3027
3069,3083
3138,3141
3144,3311
3308,3321
3753,3755
4193,4195
4598,4611
4639,4645
4854,4869
4932,4945
4987,4989
7821,7823
8014,8017
8236,8238
8773,8780
8804,8810
8817,8828
9029,9033
10053,10055
10568,10570
10947,10950
11238,11241
11401,11404
12090,12097
13955,13958
14177,14190
14773,14775
14974,14977
14990,14992
15009,15012
15758,15760
15786,15792
16748,16759
16790,16809
16846,16848
17650,17652
18506,18517
18541,18589
20732,20734
20754,20760
20843,20845
21338,21341
22227,22229
22386,22392
23304,23307
23344,23348
23354,23357
23382,23384
23427,23431
23474,23484
23502,23507
23518,23524
23526,23530
23561,23568
23596,23607
23804,23806
23825,23827
23899,23909
25141,25143
26129,26131
26499,26507
29253,29255
29389,29391
30566,30568
35443,35457
35466,35470
36822,36830
37262,37265
37809,37811
38204,38207
40296,40299
40513,40526
40532,40536
41753,41757
41806,41809
41813,41815
42464,42467
42494,42533
42934,42942
42987,43011
43027,43039
253,256
597,600
2418,2424
5080,5084
5789,5797
5969,5971
6321,6323
6883,6892
7293,7297
7866,7877
8220,8226
8565,8672
9302,9305
9362,9364
9440,9442
9474,9487
9610,9612
9719,9761
9793,9802
10098,10101
10241,10252
10312,10314
11912,11923
13621,13681
14460,14466
15876,15879
16229,16237
16396,16402
16431,16440
16524,16532
16579,16593
16643,16647
16658,16676
16703,16717
16756,16775
16861,16864
16930,16954
17009,17012
17017,17021
17043,17046
17088,17093
17111,17117
17695,17703
17820,17836
17852,17862
17891,17905
18099,18106
18140,18290
18318,18334
18459,18463
18495,18499
18821,18823
19063,19066
19158,19162
19189,19215
19284,19288
19394,19397
21245,21299
21651,21653
22500,22502
22770,22773
24245,24247
24253,24259
24287,24472
24599,24629
24815,24817
25243,25250
25262,25266
25288,25304
25321,25329
25342,25357
25557,25565
25700,25719
26413,26417
26601,26603
26726,26728
26741,26743
27455,27457
29686,29688
30240,30252
30476,30480
31170,31172
33333,33340
34806,34810
34856,34860
1,29
251,255
1259,1270
2307,2309
4569,4571
8228,8233
8250,8254
8261,8263
8276,8290
8314,8318
8360,8365
8378,8384
8420,8425
8455,8457
8462,8483
8462,8482
8463,8483
8515,8529
10489,10493
11769,11778
11789,11792
11939,11941
12739,12741
12959,12961
14029,14031
14377,14379
14978,14982
15004,15009
15034,15039
15050,15064
15077,15093
15440,15442
15700,15703
16006,16010
16401,16407
16451,16550
17908,17910
18293,18480
18600,18603
18970,18986
19583,19585
19885,19917
21191,21193
22478,22480
22491,22493
24041,24043
24540,24542
25177,25181
25320,25322
25386,25393
25407,25411
25428,25448
25482,25491
25607,25609
25663,25708
25732,25741
25767,25777
25794,25797
25867,25877
25886,25888
25917,25919
26501,26503
27485,27487
27599,27608
27601,27608
27887,27889
29345,29348
29703,29705
31123,31125
32574,32576
35536,35538
35948,35952
260,262
284,292
725,729
762,764
773,792
809,812
818,835
848,896
923,945
2091,2093
2657,2668
2763,2769
3239,3243
3333,3336
3343,3346
3367,3374
3390,3393
3581,3628
3640,3647
3662,3841
3870,3881
3907,3922
3964,4006
4034,4037
4058,4119
4135,4143
4152,4161
4179,4188
4195,4199
4262,4264
4793,4798
4834,4865
5143,5147
5393,5395
5943,5952
5961,5964
6801,6804
6837,6849
6917,6926
6950,6953
6962,6997
7058,7063
7074,7077
7601,7604
7813,7822
7877,7879
8728,8731
8740,8743
9345,9353
9675,9677
9808,9832
11231,11233
11440,11443
11671,11673
11740,11744
11952,11954
11974,11978
13360,13372
13779,13781
13874,13876
13934,13937
14036,14039
14041,14043
14192,14194
14282,14284
14419,14422
14461,14463
14586,14588
14614,14616
14643,14645
14745,14749
14752,14754
15135,15139
15252,15254
15261,15265
15349,15354
15418,15420
15655,15657
16121,16123
16464,16483
16500,16504
16542,16546
16560,16562
16575,16580
16587,16589
16722,16724
17610,17623
17728,18017
17728,17786
18261,18271
18509,18518
19021,19023
19660,19662
20194,20196
20603,20605
20665,20667
20707,20709
20728,20733
21495,21498
21502,21506
21690,21692
22046,22052
22099,22143
22273,22275
25172,25174
25778,25780
25874,25878
26123,26125
29835,29838
31440,31443
31569,31573
31617,31623
31845,31847
31884,31887
31941,31956
31974,31976
32025,32032
32051,32154
32213,32222
32284,32286
32303,32327
32394,32400
32428,32443
32488,32540
32562,32564
33114,33116
33276,33289
33512,33516
34850,34853
35240,35242
3,15
613,629
1766,1783
2796,2798
3019,3026
5565,5570
7792,7796
8162,8172
10735,10739
12474,12546
13481,13499
14217,14219
14324,14326
15622,15625
15716,15718
16034,16036
16193,16207
16633,16641
17562,17564
17603,17605
18223,18225
18306,18308
18997,19007
21285,21288
23223,23225
23331,23338
24742,24744
24808,24811
25745,25747
27327,27330
27347,27357
27435,27437
27570,27574
27959,27961
29348,29356
29446,29448
29811,29832
29882,29884
498,500
1537,1539
2392,2394
3823,3899
4106,4114
4239,4244
4289,4296
4433,4436
4502,4517
4523,4525
4554,4556
4559,4562
4832,4834
4974,4976
8435,8446
8481,8489
8572,8574
8580,8584
9485,9488
9560,9565
9677,9679
10156,10179
10192,10196
10205,10269
10290,10308
10317,10340
10496,10529
10536,10539
10572,10575
10579,11782
11957,11960
12087,12090
12220,12222
13127,13129
13333,13335
14058,14064
14677,14687
15227,15231
15345,15350
15455,15460
16040,16042
16884,16886
18021,18069
18143,19306
19327,19329
19364,19376
19465,19477
20074,20076
20322,20324
20534,20541
20584,20587
20601,20605
20610,20620
20646,20666
20674,20676
20837,20850
21385,21394
21403,21413
21460,21477
21511,21523
21525,21533
21940,21944
21981,21983
21994,21996
22024,22031
22159,22162
22206,22209
22283,22288
22338,22350
22439,22462
22469,22482
22503,22522
22542,22661
22693,22794
22800,22810
22833,22837
22882,22900
23247,23268
23377,23436
23449,23453
23457,23468
23477,23488
23512,23527
23550,23557
23593,23609
23966,23999
24017,24023
24069,24072
25556,25559
27063,27065
27160,27162
27889,27891
27978,27981
29279,29291
29334,29338
29391,29393
30053,30055
30175,30177
30745,30753
1318,1411
1634,1770
2512,2514
2985,3105
3157,3182
3806,3813
3871,3947
4197,4200
4615,4620
5316,5441
5447,5452
5460,5463
5468,5471
6237,6354
6584,6586
8689,8692
8848,8855
9263,9266
10189,10206
10795,10797
11312,11315
11609,11611
11794,11796
11966,12091
12113,12273
12305,12308
12386,12389
12723,12730
13798,13805
16066,16109
16495,16497
17101,17113
18173,18176
19604,19606
20351,20353
20403,20407
20431,20435
20535,20607
20656,20678
20695,20699
20714,20719
21550,21554
22194,22196
22428,22442
22451,22456
22462,22470
22478,22482
22520,22524
22891,22921
23032,23039
24321,24339
24361,24370
24424,24429
24462,24568
24800,24897
24970,24974
25023,25036
25053,25101
25125,25211
25264,25271
25801,25803
26589,26597
26980,26982
27604,27610
27857,27865
28037,28039
162,166
724,726
774,777
864,866
886,888
1212,1216
1221,1276
1280,1282
1324,1332
2449,2451
2528,2532
3640,3642
4309,4326
5391,5394
6078,6085
6323,6326
6666,6669
7326,7635
7901,7906
9803,9819
9962,9965
9980,9985
10016,10018
10051,10055
10069,10072
10111,10118
11169,11176
11187,11231
11655,11661
12443,12448
12927,12947
12975,12984
13575,13586
13748,13750
13785,13797
14432,14447
14505,14509
14526,14568
14577,14579
14587,14590
14612,14653
14690,14694
14746,14751
14806,14876
14893,14899
14918,14921
14932,14935
14951,14967
14995,14997
15010,15058
15018,15020
15029,15058
15134,15145
15155,15164
15185,15190
15241,15255
15862,15866
15928,15930
16318,16338
16387,16434
16493,16506
16650,16735
16770,16779
16815,16818
16855,16858
18231,18240
18274,18277
18502,18505
19687,19693
19699,19716
19733,19740
19744,19811
19965,19974
20106,20110
20133,20136
20151,20156
20160,20185
20268,20275
20292,20302
20317,20349
20353,20355
21230,21232
21900,21903
22591,22595
22727,22731
22908,22916
23661,23663
24190,24203
25221,25223
26003,26005
26633,26635
27055,27057
27470,27474
28150,28152
28259,28261
28442,28444
769,776
1117,1119
2105,2110
2788,2790
3183,3187
5043,5082
5105,5109
5123,5126
6081,6083
6838,6841
6939,6941
7068,7070
7091,7093
7208,7214
7228,7230
7255,7258
7261,7271
7356,7378
7389,7391
7398,7407
7417,7419
7451,7467
7504,7507
7517,7519
7525,7744
7857,7862
8501,8504
9052,9055
9329,9332
9376,9418
9747,9749
9852,9855
10219,10222
10353,10362
10371,10373
10387,10394
10400,10402
10432,10445
10502,10514
10528,10734
10881,10884
10931,10937
10986,10988
11007,11011
11687,11690
12636,12638
12917,12919
12991,12996
13622,13624
14300,14303
14326,14332
14327,14331
14483,14505
14511,14514
14998,15002
15023,15066
15113,15124
15140,15150
15645,15651
15813,15815
17216,17218
17846,17848
18323,18326
18517,18541
20279,20281
20360,20362
21422,21425
22941,23013
1603,1605
1935,1937
2091,2096
2215,2220
2341,2373
2380,2383
2461,2469
2513,2517
2532,2542
2591,2681
2714,2716
4067,4070
4104,4191
4224,4227
4866,4873
4956,4961
6659,6665
6674,6684
6799,6802
7171,7176
7730,7746
7941,7944
8169,8208
8380,8383
9880,9883
10327,10329
11747,11750
11764,11777
11944,11947
12197,12199
12298,12300
17136,17147
17630,17633
19039,19041
19181,19183
19313,19317
20202,20204
21214,21216
22711,22713
22971,22973
23206,23208
1,5
11,128
816,821
1589,1597
1599,1604
1976,1982
2773,2775
3075,3077
3165,3170
3180,3183
4854,4859
4899,4902
4908,5124
5184,5189
5207,5261
5346,5355
5448,5451
5476,5479
5983,5987
6006,6009
6279,6288
6313,6320
6511,6632
6636,6638
6681,6877
6899,7006
7026,7048
7073,7079
7095,7103
7132,7192
7228,7244
7278,7315
7334,7348
7446,7455
7554,7565
8693,8696
9402,9405
9613,9615
10799,10809
12021,12554
13410,13412
13817,13832
13881,13884
14387,14429
17027,17029
17408,17410
17442,17475
17701,17712
17773,17783
18214,18825
18868,18871
18962,18978
18996,19027
19618,19620
19679,19870
20260,20264
20788,20791
20790,20792
22156,22160
22171,22174
22188,22200
22207,22222
22237,22239
22471,22474
22541,22546
22565,22601
22666,22668
22670,22727
22741,22747
22754,22758
22842,22852
22865,22877
22885,22887
22897,22901
22961,22968
23155,23157
23248,23250
24323,24326
24350,24404
24453,24485
24500,24568
24582,24623
25370,25376
25836,25840
25846,25878
25902,25905
25908,25961
25993,26026
26119,26124
26166,26169
26180,26296
26350,26374
26401,26403
26861,26863
26891,26894
27414,27440
27498,27578
27598,27604
27628,27642
27713,27722
27745,27753
27778,27785
27798,27804
27809,27811
27832,27992
28013,28436
28456,28460
28477,28482
28631,28636
28638,28640
28744,28748
28755,28763
28768,28779
28816,28820
29017,29022
395,398
3275,3277
3523,3528
3665,3668
3832,3834
4994,4998
5820,6520
6523,6526
6528,6532
6550,6557
6626,6628
6631,6634
6648,6652
6681,6688
6696,6708
6734,6739
6826,6831
6833,6856
6898,6908
6962,7096
7117,7166
7905,7915
8584,8592
8872,8874
9137,9148
9666,9670
10352,10354
11513,11515
11998,12000
15146,15148
15324,15326
16006,16015
16879,16881
17153,17156
17713,17715
17723,17770
18253,18257
18365,18367
18375,18381
18393,18409
18401,18409
18422,18426
18448,18704
18745,18757
18759,18793
18958,19056
19006,19008
19009,19056
19075,19116
19444,19449
20710,20712
21344,21349
21382,21384
22319,22322
22839,22844
23436,23438
23575,23591
23698,23700
24017,24019
24094,24096
25853,25856
26441,26445
26915,27120